{
  "randread_4k": {
    "Read IOPS": [
      562630.7087964,
      580.8908593436862
    ],
    "Read Bandwidth (MB/s)": [
      2197.776205730438,
      2.2691049631955402
    ],
    "Read Latency (us)": [
      909.7211386365,
      0.9406200589952467
    ]
  },
  "randwrite_4k": {
    "Write IOPS": [
      351346.64045259997,
      2260.138329176909
    ],
    "Write Bandwidth (MB/s)": [
      1372.447813987732,
      8.828665486104411
    ],
    "Write Latency (us)": [
      1457.0193139375,
      9.369701339167724
    ]
  },
  "randrw_70_30": {
    "Read IOPS": [
      234409.7534745,
      1152.8262386008087
    ],
    "Read Bandwidth (MB/s)": [
      915.6630990028382,
      4.503227585741941
    ],
    "Read Latency (us)": [
      902.6652699073,
      6.945163938092349
    ],
    "Write IOPS": [
      100502.8066625,
      497.00311383271116
    ],
    "Write Bandwidth (MB/s)": [
      392.58908796310425,
      1.9414183930008597
    ],
    "Write Latency (us)": [
      2987.3763939801,
      38.817873419838385
    ]
  },
  "seqread_128k": {
    "Read IOPS": [
      17615.2401694,
      19.962713766979505
    ],
    "Read Bandwidth (MB/s)": [
      2201.905020904541,
      2.495339171637393
    ],
    "Read Latency (us)": [
      7265.2648193397,
      8.20676226380632
    ]
  },
  "seqwrite_128k": {
    "Write IOPS": [
      10959.1964977,
      112.72648828914546
    ],
    "Write Bandwidth (MB/s)": [
      1369.8995615959168,
      14.090810915714279
    ],
    "Write Latency (us)": [
      11678.8493171069,
      120.69900374034556
    ]
  }
}