{
  "randread_4k": {
    "Read IOPS": [
      208558.7474587,
      62.84188177360876
    ],
    "Read Bandwidth (MB/s)": [
      814.68260679245,
      0.24547602283993988
    ],
    "Read Latency (us)": [
      2453.9267000495,
      0.7573618112025894
    ]
  },
  "randwrite_4k": {
    "Write IOPS": [
      156570.28391589999,
      1190.7582830534388
    ],
    "Write Bandwidth (MB/s)": [
      611.6026710510254,
      4.651399618543766
    ],
    "Write Latency (us)": [
      3268.9709224524,
      24.968949347237725
    ]
  },
  "randrw_70_30": {
    "Read IOPS": [
      103855.2164491,
      402.0340002502077
    ],
    "Read Bandwidth (MB/s)": [
      405.6844388008118,
      1.5704453216272949
    ],
    "Read Latency (us)": [
      3575.3327917272,
      13.456133536624069
    ],
    "Write IOPS": [
      44591.8321511,
      171.82969833690456
    ],
    "Write Bandwidth (MB/s)": [
      174.1868437767029,
      0.6712098158871649
    ],
    "Write Latency (us)": [
      3150.3483323984,
      13.58230136713102
    ]
  },
  "seqread_128k": {
    "Read IOPS": [
      6698.0320173,
      16.330519746300077
    ],
    "Read Bandwidth (MB/s)": [
      837.2540018081665,
      2.0413151358283765
    ],
    "Read Latency (us)": [
      19104.8841384448,
      46.527639460001645
    ]
  },
  "seqwrite_128k": {
    "Write IOPS": [
      8378.1881392,
      101.50531000813656
    ],
    "Write Bandwidth (MB/s)": [
      1047.2735169410705,
      12.688163721072373
    ],
    "Write Latency (us)": [
      15274.723930620301,
      185.06935985203324
    ]
  }
}