{
  "randread_4k": {
    "Read IOPS": [
      210404.669533,
      80.74945133658676
    ],
    "Read Bandwidth (MB/s)": [
      821.8932397842407,
      0.31542763956300207
    ],
    "Read Latency (us)": [
      2432.3296014232,
      0.9284218869467072
    ]
  },
  "randwrite_4k": {
    "Write IOPS": [
      173231.77318309998,
      917.2516171133012
    ],
    "Write Bandwidth (MB/s)": [
      676.6866135597229,
      3.5830142109812897
    ],
    "Write Latency (us)": [
      2954.1889536646,
      15.588918122564985
    ]
  },
  "randrw_70_30": {
    "Read IOPS": [
      105270.7219656,
      565.2653726403173
    ],
    "Read Bandwidth (MB/s)": [
      411.2137572288513,
      2.2080679484694135
    ],
    "Read Latency (us)": [
      3525.9233900599,
      18.88368998451553
    ],
    "Write IOPS": [
      45196.787368699996,
      243.42980524028454
    ],
    "Write Bandwidth (MB/s)": [
      176.5499503135681,
      0.9508974957214794
    ],
    "Write Latency (us)": [
      3110.6398090579,
      17.638406144625726
    ]
  },
  "seqread_128k": {
    "Read IOPS": [
      6639.9495146,
      13.716677858185834
    ],
    "Read Bandwidth (MB/s)": [
      829.9936889648437,
      1.7145847755549675
    ],
    "Read Latency (us)": [
      19271.9585846046,
      39.57542265871865
    ]
  },
  "seqwrite_128k": {
    "Write IOPS": [
      8398.3641396,
      82.070575288008
    ],
    "Write Bandwidth (MB/s)": [
      1049.795516872406,
      10.258822084576353
    ],
    "Write Latency (us)": [
      15237.4464922478,
      147.71360730368846
    ]
  }
}