{
  "randread_4k": {
    "Read IOPS": [
      554422.892121,
      781.7208298409948
    ],
    "Read Bandwidth (MB/s)": [
      2165.7144218444823,
      3.053596827382107
    ],
    "Read Latency (us)": [
      923.1153332403001,
      1.304847351824915
    ]
  },
  "randwrite_4k": {
    "Write IOPS": [
      349570.4653023,
      5473.619822874921
    ],
    "Write Bandwidth (MB/s)": [
      1365.5096296310426,
      21.381327520762984
    ],
    "Write Latency (us)": [
      1464.5862612824,
      22.958477706503622
    ]
  },
  "randrw_70_30": {
    "Read IOPS": [
      232574.3655953,
      1074.6289097369759
    ],
    "Read Bandwidth (MB/s)": [
      908.4936151504517,
      4.197769109365402
    ],
    "Read Latency (us)": [
      871.9612475382,
      7.667225890312728
    ],
    "Write IOPS": [
      99712.60737119999,
      464.1092369208403
    ],
    "Write Bandwidth (MB/s)": [
      389.50237197875975,
      1.8129268698813947
    ],
    "Write Latency (us)": [
      3098.8374421729,
      35.9452022720413
    ]
  },
  "seqread_128k": {
    "Read IOPS": [
      17510.8157272,
      21.512901695804317
    ],
    "Read Bandwidth (MB/s)": [
      2188.851965236664,
      2.689112494514071
    ],
    "Read Latency (us)": [
      7308.6483063741,
      9.001830694681399
    ]
  },
  "seqwrite_128k": {
    "Write IOPS": [
      10978.918006,
      116.6519039038647
    ],
    "Write Bandwidth (MB/s)": [
      1372.3647501945495,
      14.581488037109613
    ],
    "Write Latency (us)": [
      11657.781501121,
      124.26295492754818
    ]
  }
}