{
  "randread_4k": {
    "Read IOPS": [
      567910.16239,
      433.3872384117304
    ],
    "Read Bandwidth (MB/s)": [
      2218.3990715026857,
      1.692918961046952
    ],
    "Read Latency (us)": [
      901.2616189535,
      0.6939912975958826
    ]
  },
  "randwrite_4k": {
    "Write IOPS": [
      348137.5674954,
      4212.875596589663
    ],
    "Write Bandwidth (MB/s)": [
      1359.9123726844787,
      16.456545314262193
    ],
    "Write Latency (us)": [
      1470.5914647108,
      17.652121594484733
    ]
  },
  "randrw_70_30": {
    "Read IOPS": [
      233406.5801022,
      2033.2624493507853
    ],
    "Read Bandwidth (MB/s)": [
      911.7444530487061,
      7.942431528438225
    ],
    "Read Latency (us)": [
      904.0087830055,
      6.822135344171557
    ],
    "Write IOPS": [
      100073.5728006,
      875.3236935163321
    ],
    "Write Bandwidth (MB/s)": [
      390.912393283844,
      3.4192333089596643
    ],
    "Write Latency (us)": [
      3006.3752420263,
      57.81318908317294
    ]
  },
  "seqread_128k": {
    "Read IOPS": [
      17601.3213041,
      39.2104121605261
    ],
    "Read Bandwidth (MB/s)": [
      2200.1651623725893,
      4.901301489027171
    ],
    "Read Latency (us)": [
      7271.0884481773,
      16.23456928206028
    ]
  },
  "seqwrite_128k": {
    "Write IOPS": [
      10957.2483303,
      119.32276368425303
    ],
    "Write Bandwidth (MB/s)": [
      1369.6560408592225,
      14.915345473266537
    ],
    "Write Latency (us)": [
      11681.0368150879,
      127.41525457865552
    ]
  }
}