{
  "randread_4k": {
    "Read IOPS": [
      568637.7398021,
      608.8928963590596
    ],
    "Read Bandwidth (MB/s)": [
      2221.241170692444,
      2.378487878839038
    ],
    "Read Latency (us)": [
      900.0972457473999,
      0.9581348638950751
    ]
  },
  "randwrite_4k": {
    "Write IOPS": [
      351704.4068679,
      3262.144925532944
    ],
    "Write Bandwidth (MB/s)": [
      1373.8453388214111,
      12.742753514223498
    ],
    "Write Latency (us)": [
      1455.5820559242,
      13.66000360332307
    ]
  },
  "randrw_70_30": {
    "Read IOPS": [
      234684.0132724,
      732.1558953712822
    ],
    "Read Bandwidth (MB/s)": [
      916.7344264030456,
      2.8599838689874724
    ],
    "Read Latency (us)": [
      901.6509125402999,
      7.122901736008458
    ],
    "Write IOPS": [
      100621.1562208,
      313.6929444443482
    ],
    "Write Bandwidth (MB/s)": [
      393.0513910293579,
      1.2253631528275544
    ],
    "Write Latency (us)": [
      2983.5437195715,
      26.898663179219525
    ]
  },
  "seqread_128k": {
    "Read IOPS": [
      17480.357518,
      44.89987471872657
    ],
    "Read Bandwidth (MB/s)": [
      2185.044689273834,
      5.612484373408781
    ],
    "Read Latency (us)": [
      7321.5017832153,
      18.823028495003193
    ]
  },
  "seqwrite_128k": {
    "Write IOPS": [
      10969.0729191,
      96.27163144257135
    ],
    "Write Bandwidth (MB/s)": [
      1371.1341143608092,
      12.033953950384419
    ],
    "Write Latency (us)": [
      11668.3395106862,
      102.70193110795189
    ]
  }
}