{
  "randread_4k": {
    "Read IOPS": [
      209953.9112753,
      262.13831743194663
    ],
    "Read Bandwidth (MB/s)": [
      820.1324654579163,
      1.0239779493593646
    ],
    "Read Latency (us)": [
      2437.5504308562,
      3.0556009976555054
    ]
  },
  "randwrite_4k": {
    "Write IOPS": [
      162214.4249477,
      2223.2800791969294
    ],
    "Write Bandwidth (MB/s)": [
      633.6500967025756,
      8.684687838848147
    ],
    "Write Latency (us)": [
      3155.4131178954003,
      43.04614993023169
    ]
  },
  "randrw_70_30": {
    "Read IOPS": [
      104266.2924998,
      555.1658464644081
    ],
    "Read Bandwidth (MB/s)": [
      407.29020462036135,
      2.168616764033196
    ],
    "Read Latency (us)": [
      3559.561225904,
      18.48610167116997
    ],
    "Write IOPS": [
      44769.2669656,
      241.33667659409696
    ],
    "Write Bandwidth (MB/s)": [
      174.87994861602783,
      0.9427213468953438
    ],
    "Write Latency (us)": [
      3141.5255138913,
      18.617395453060897
    ]
  },
  "seqread_128k": {
    "Read IOPS": [
      6690.9900624,
      12.07942656886319
    ],
    "Read Bandwidth (MB/s)": [
      836.3737572669983,
      1.5099283379319943
    ],
    "Read Latency (us)": [
      19125.0416939549,
      34.33101978142214
    ]
  },
  "seqwrite_128k": {
    "Write IOPS": [
      8369.0211868,
      68.91104839964513
    ],
    "Write Bandwidth (MB/s)": [
      1046.1276478767395,
      8.613880961633324
    ],
    "Write Latency (us)": [
      15291.348723332,
      127.24641913850186
    ]
  }
}