{
  "randread_4k": {
    "Read IOPS": [
      211092.474086,
      58.17987297558893
    ],
    "Read Bandwidth (MB/s)": [
      824.5799764633178,
      0.22726527188291948
    ],
    "Read Latency (us)": [
      2424.3018627336,
      0.6559340401628623
    ]
  },
  "randwrite_4k": {
    "Write IOPS": [
      172787.6846151,
      1268.6943355292985
    ],
    "Write Bandwidth (MB/s)": [
      674.9518924713135,
      4.9558373763101375
    ],
    "Write Latency (us)": [
      2961.7486186124997,
      21.984645291822964
    ]
  },
  "randrw_70_30": {
    "Read IOPS": [
      105151.8471556,
      691.018585964573
    ],
    "Read Bandwidth (MB/s)": [
      410.7494023323059,
      2.6992914129369785
    ],
    "Read Latency (us)": [
      3528.6247592663,
      22.05589864692766
    ],
    "Write IOPS": [
      45149.7702414,
      297.10522195139856
    ],
    "Write Bandwidth (MB/s)": [
      176.3662896156311,
      1.1605674322774528
    ],
    "Write Latency (us)": [
      3117.0852859737,
      23.49000526307196
    ]
  },
  "seqread_128k": {
    "Read IOPS": [
      6732.608417,
      7.481967305877398
    ],
    "Read Bandwidth (MB/s)": [
      841.5760516166687,
      0.9352458224593502
    ],
    "Read Latency (us)": [
      19006.6374735908,
      21.358427891963107
    ]
  },
  "seqwrite_128k": {
    "Write IOPS": [
      8427.1427169,
      101.51133501363209
    ],
    "Write Bandwidth (MB/s)": [
      1053.3928391456604,
      12.688916924854823
    ],
    "Write Latency (us)": [
      15185.583665911501,
      181.2443343922642
    ]
  }
}